{
  "metrics": {
    "http_req_waiting": {
      "min": 1.055,
      "med": 20.442,
      "max": 95.784,
      "p(90)": 57.2805,
      "p(95)": 65.54255,
      "avg": 24.789714541120397
    },
    "iteration_duration": {
      "med": 269.286041,
      "max": 302.414291,
      "p(90)": 284.1350834,
      "p(95)": 285.3631411,
      "avg": 263.56462812634084,
      "min": 210.562958
    },
    "data_received": {
      "count": 312187383,
      "rate": 7794444.4287705915
    },
    "http_reqs": {
      "rate": 41.894959449649036,
      "count": 1678
    },
    "iterations": {
      "count": 839,
      "rate": 20.947479724824518
    },
    "data_sent": {
      "count": 204762,
      "rate": 5112.333543998234
    },
    "http_req_duration": {
      "avg": 31.470407032181196,
      "min": 1.102,
      "med": 26.643,
      "max": 97.874,
      "p(90)": 68.259,
      "p(95)": 75.2423,
      "thresholds": {
        "p(95)<300": false
      }
    },
    "http_req_connecting": {
      "avg": 0.003366507747318236,
      "min": 0,
      "med": 0,
      "max": 0.85,
      "p(90)": 0,
      "p(95)": 0
    },
    "vus": {
      "value": 1,
      "min": 1,
      "max": 10
    },
    "checks": {
      "passes": 1678,
      "fails": 0,
      "value": 1
    },
    "http_req_receiving": {
      "avg": 6.656619189511313,
      "min": 0.005,
      "med": 1.083,
      "max": 54.856,
      "p(90)": 21.6098,
      "p(95)": 28.19765
    },
    "http_req_failed": {
      "passes": 0,
      "fails": 1678,
      "thresholds": {
        "rate<0.01": false
      },
      "value": 0
    },
    "http_req_duration{expected_response:true}": {
      "p(95)": 75.2423,
      "avg": 31.470407032181196,
      "min": 1.102,
      "med": 26.643,
      "max": 97.874,
      "p(90)": 68.259
    },
    "http_req_blocked": {
      "avg": 0.009269368295590063,
      "min": 0,
      "med": 0.003,
      "max": 0.978,
      "p(90)": 0.011,
      "p(95)": 0.013
    },
    "http_req_tls_handshaking": {
      "p(95)": 0,
      "avg": 0,
      "min": 0,
      "med": 0,
      "max": 0,
      "p(90)": 0
    },
    "vus_max": {
      "value": 10,
      "min": 10,
      "max": 10
    },
    "http_req_sending": {
      "max": 1.656,
      "p(90)": 0.031,
      "p(95)": 0.043,
      "avg": 0.024073301549463806,
      "min": 0.002,
      "med": 0.013
    }
  },
  "root_group": {
    "id": "d41d8cd98f00b204e9800998ecf8427e",
    "groups": {},
    "checks": {
      "list status is 200": {
        "name": "list status is 200",
        "path": "::list status is 200",
        "id": "2d2932709be6e87d06b36654594050ea",
        "passes": 839,
        "fails": 0
      },
      "create status is 201": {
        "fails": 0,
        "name": "create status is 201",
        "path": "::create status is 201",
        "id": "2b3e7b963e1efbdd0420a8cd78be7511",
        "passes": 839
      }
    },
    "name": "",
    "path": ""
  }
}
